{"cameraMode":{"drawMode":0,"name":"Shaded","section":"Shading Mode"},"sceneLighting":false,"audioPlay":false,"sceneViewState":{"showFog":true,"showMaterialUpdate":false,"showSkybox":false,"showFlares":true,"showImageEffects":true,"showParticleSystems":true},"in2DMode":false,"pivot":{"x":11.26382827758789,"y":5.062014579772949,"z":46.47943878173828},"rotation":{"x":-0.19460105895996095,"y":0.5957658290863037,"z":-0.15168602764606477,"w":-0.7643201947212219},"size":33.428070068359378,"orthographic":false}