{"cameraMode":{"drawMode":0,"name":"Shaded","section":"Shading Mode"},"sceneLighting":false,"audioPlay":false,"sceneViewState":{"showFog":false,"showMaterialUpdate":false,"showSkybox":false,"showFlares":false,"showImageEffects":false,"showParticleSystems":false},"in2DMode":false,"pivot":{"x":0.0017247200012207032,"y":0.0016680359840393067,"z":-0.0007992982864379883},"rotation":{"x":0.253290593624115,"y":0.728051483631134,"z":-0.34392210841178896,"w":0.5362039804458618},"size":2.4452738761901857,"orthographic":false}