{"cameraMode":{"drawMode":0,"name":"Shaded","section":"Shading Mode"},"sceneLighting":false,"audioPlay":false,"sceneViewState":{"showFog":false,"showMaterialUpdate":false,"showSkybox":false,"showFlares":false,"showImageEffects":false,"showParticleSystems":false},"in2DMode":false,"pivot":{"x":-0.1741352081298828,"y":0.1239696741104126,"z":0.47359561920166018},"rotation":{"x":-0.16825485229492188,"y":-0.7842061519622803,"z":0.2415611296892166,"w":-0.5462232232093811},"size":26.155675888061525,"orthographic":false}