{"cameraMode":{"drawMode":0,"name":"Shaded","section":"Shading Mode"},"sceneLighting":false,"audioPlay":false,"sceneViewState":{"showFog":true,"showMaterialUpdate":false,"showSkybox":false,"showFlares":true,"showImageEffects":true,"showParticleSystems":true},"in2DMode":false,"pivot":{"x":-0.025491982698440553,"y":0.5722152590751648,"z":-0.2780681252479553},"rotation":{"x":0.21315594017505647,"y":0.13433948159217835,"z":-0.029603155329823495,"w":0.9672881960868836},"size":2.359924077987671,"orthographic":false}