{"cameraMode":{"drawMode":0,"name":"Shaded","section":"Shading Mode"},"sceneLighting":false,"audioPlay":false,"sceneViewState":{"showFog":true,"showMaterialUpdate":false,"showSkybox":false,"showFlares":true,"showImageEffects":true,"showParticleSystems":true},"in2DMode":false,"pivot":{"x":0.000644385814666748,"y":0.33735936880111697,"z":-2.9802322387695315e-8},"rotation":{"x":0.16365888714790345,"y":4.1037459652670807e-8,"z":6.658002575932187e-7,"w":0.9865195155143738},"size":2.3119709491729738,"orthographic":false}