{"cameraMode":{"drawMode":0,"name":"Shaded","section":"Shading Mode"},"sceneLighting":false,"audioPlay":false,"sceneViewState":{"showFog":true,"showMaterialUpdate":false,"showSkybox":false,"showFlares":true,"showImageEffects":true,"showParticleSystems":true},"in2DMode":false,"pivot":{"x":0.0010495185852050782,"y":-0.0000725090503692627,"z":0.02743036299943924},"rotation":{"x":0.2978649437427521,"y":0.09146104007959366,"z":-0.02868172712624073,"w":0.9497865438461304},"size":2.34220814704895,"orthographic":false}