{"cameraMode":{"drawMode":0,"name":"Shaded","section":"Shading Mode"},"sceneLighting":false,"audioPlay":false,"sceneViewState":{"showFog":true,"showMaterialUpdate":false,"showSkybox":false,"showFlares":true,"showImageEffects":true,"showParticleSystems":true},"in2DMode":false,"pivot":{"x":0.672978401184082,"y":3.4414658546447756,"z":0.5767123699188232},"rotation":{"x":0.09019920229911804,"y":-0.11179947853088379,"z":0.010190234519541264,"w":0.9895791411399841},"size":24.525976181030275,"orthographic":false}