{"cameraMode":{"drawMode":0,"name":"Shaded","section":"Shading Mode"},"sceneLighting":false,"audioPlay":false,"sceneViewState":{"showFog":false,"showMaterialUpdate":false,"showSkybox":false,"showFlares":false,"showImageEffects":true,"showParticleSystems":false},"in2DMode":false,"pivot":{"x":-111.72262573242188,"y":19.708938598632814,"z":30.270565032958986},"rotation":{"x":0.36236244440078738,"y":0.010281967930495739,"z":-0.004044856410473585,"w":0.9320115447044373},"size":11.020844459533692,"orthographic":false}