{"cameraMode":{"drawMode":0,"name":"Shaded","section":"Shading Mode"},"sceneLighting":false,"audioPlay":false,"sceneViewState":{"showFog":true,"showMaterialUpdate":true,"showSkybox":false,"showFlares":true,"showImageEffects":true,"showParticleSystems":true},"in2DMode":false,"pivot":{"x":9.5367431640625e-7,"y":5.4812116622924809,"z":4.76837158203125e-7},"rotation":{"x":0.3200441896915436,"y":0.6475316882133484,"z":-0.346070259809494,"w":0.5988842844963074},"size":27.281164169311525,"orthographic":false}