{"cameraMode":{"drawMode":0,"name":"Shaded","section":"Shading Mode"},"sceneLighting":false,"audioPlay":false,"sceneViewState":{"showFog":true,"showMaterialUpdate":true,"showSkybox":false,"showFlares":true,"showImageEffects":true,"showParticleSystems":true},"in2DMode":false,"pivot":{"x":0.00009268522262573242,"y":2.226214647293091,"z":-0.03717446327209473},"rotation":{"x":-0.13105927407741548,"y":-0.8178006410598755,"z":0.20562529563903809,"w":-0.5214111804962158},"size":7.5391669273376469,"orthographic":false}