{"cameraMode":{"drawMode":0,"name":"Shaded","section":"Shading Mode"},"sceneLighting":false,"audioPlay":false,"sceneViewState":{"showFog":true,"showMaterialUpdate":true,"showSkybox":false,"showFlares":true,"showImageEffects":true,"showParticleSystems":true},"in2DMode":false,"pivot":{"x":-0.009507536888122559,"y":0.5090970993041992,"z":0.0},"rotation":{"x":-0.13105927407741548,"y":-0.8178006410598755,"z":0.20562529563903809,"w":-0.5214111804962158},"size":3.587237596511841,"orthographic":false}