{"cameraMode":{"drawMode":0,"name":"Shaded","section":"Shading Mode"},"sceneLighting":false,"audioPlay":false,"sceneViewState":{"showFog":true,"showMaterialUpdate":true,"showSkybox":false,"showFlares":true,"showImageEffects":true,"showParticleSystems":true},"in2DMode":false,"pivot":{"x":-9.5367431640625e-7,"y":1.220536231994629,"z":-4.76837158203125e-7},"rotation":{"x":-0.05305381491780281,"y":-0.9302895665168762,"z":0.3314709961414337,"w":-0.14848163723945619},"size":16.40386199951172,"orthographic":false}