{"cameraMode":{"drawMode":0,"name":"Shaded","section":"Shading Mode"},"sceneLighting":false,"audioPlay":false,"sceneViewState":{"showFog":true,"showMaterialUpdate":true,"showSkybox":false,"showFlares":true,"showImageEffects":true,"showParticleSystems":true},"in2DMode":false,"pivot":{"x":-0.000003814697265625,"y":4.455204963684082,"z":-2.384185791015625e-7},"rotation":{"x":-0.2755165994167328,"y":0.5901904106140137,"z":-0.22449399530887605,"w":-0.7249380350112915},"size":24.229244232177736,"orthographic":false}