{"cameraMode":{"drawMode":0,"name":"Shaded","section":"Shading Mode"},"sceneLighting":false,"audioPlay":false,"sceneViewState":{"showFog":true,"showMaterialUpdate":true,"showSkybox":false,"showFlares":true,"showImageEffects":true,"showParticleSystems":true},"in2DMode":false,"pivot":{"x":3.5762786865234377e-7,"y":0.8865249156951904,"z":-0.08458256721496582},"rotation":{"x":0.42412999272346499,"y":0.3118687570095062,"z":-0.15833398699760438,"w":0.8353428840637207},"size":5.642382621765137,"orthographic":false}