{"cameraMode":{"drawMode":0,"name":"Shaded","section":"Shading Mode"},"sceneLighting":false,"audioPlay":false,"sceneViewState":{"showFog":true,"showMaterialUpdate":true,"showSkybox":false,"showFlares":true,"showImageEffects":true,"showParticleSystems":true},"in2DMode":false,"pivot":{"x":-0.09956800937652588,"y":6.034566879272461,"z":0.0002580881118774414},"rotation":{"x":-0.11553898453712464,"y":0.8463099002838135,"z":-0.20475752651691438,"w":-0.47818320989608767},"size":21.7430419921875,"orthographic":false}