{"cameraMode":{"drawMode":0,"name":"Shaded","section":"Shading Mode"},"sceneLighting":false,"audioPlay":false,"sceneViewState":{"showFog":true,"showMaterialUpdate":true,"showSkybox":false,"showFlares":true,"showImageEffects":true,"showParticleSystems":true},"in2DMode":false,"pivot":{"x":7.152557373046875e-7,"y":4.710348129272461,"z":-9.5367431640625e-7},"rotation":{"x":-0.2542138695716858,"y":0.6600516438484192,"z":-0.2543334364891052,"w":-0.6596781611442566},"size":24.98091697692871,"orthographic":false}