{"cameraMode":{"drawMode":0,"name":"Shaded","section":"Shading Mode"},"sceneLighting":true,"audioPlay":false,"sceneViewState":{"showFog":true,"showMaterialUpdate":true,"showSkybox":true,"showFlares":true,"showImageEffects":true,"showParticleSystems":true},"in2DMode":false,"pivot":{"x":70.5998764038086,"y":-76.89645385742188,"z":179.72286987304688},"rotation":{"x":-0.0025484738871455194,"y":0.9337131977081299,"z":-0.3581940531730652,"w":-0.007154177408665419},"size":293.3183898925781,"orthographic":false}