{"cameraMode":{"drawMode":0,"name":"Shaded","section":"Shading Mode"},"sceneLighting":false,"audioPlay":false,"sceneViewState":{"showFog":true,"showMaterialUpdate":true,"showSkybox":false,"showFlares":true,"showImageEffects":true,"showParticleSystems":true},"in2DMode":false,"pivot":{"x":0.009103775024414063,"y":1.9269992113113404,"z":0.0027370452880859377},"rotation":{"x":-0.2249508798122406,"y":0.15321531891822816,"z":-0.03597356751561165,"w":-0.9616664052009583},"size":15.92151165008545,"orthographic":false}