{"cameraMode":{"drawMode":0,"name":"Shaded","section":"Shading Mode"},"sceneLighting":false,"audioPlay":false,"sceneViewState":{"showFog":true,"showMaterialUpdate":true,"showSkybox":false,"showFlares":true,"showImageEffects":true,"showParticleSystems":true},"in2DMode":false,"pivot":{"x":0.23173904418945313,"y":5.579558849334717,"z":-0.6420907974243164},"rotation":{"x":-0.11553898453712464,"y":0.8463099002838135,"z":-0.20475752651691438,"w":-0.47818320989608767},"size":37.051517486572269,"orthographic":false}