{"cameraMode":{"drawMode":0,"name":"Shaded","section":"Shading Mode"},"sceneLighting":false,"audioPlay":false,"sceneViewState":{"showFog":false,"showMaterialUpdate":false,"showSkybox":false,"showFlares":false,"showImageEffects":true,"showParticleSystems":true},"in2DMode":false,"pivot":{"x":-0.009139060974121094,"y":2.8244473934173586,"z":1.5689043998718262},"rotation":{"x":0.278070867061615,"y":0.5491394400596619,"z":-0.20033539831638337,"w":0.7622326612472534},"size":19.507102966308595,"orthographic":false}