{"cameraMode":{"drawMode":0,"name":"Shaded","section":"Shading Mode"},"sceneLighting":false,"audioPlay":false,"sceneViewState":{"showFog":true,"showMaterialUpdate":true,"showSkybox":false,"showFlares":true,"showImageEffects":true,"showParticleSystems":true},"in2DMode":false,"pivot":{"x":0.2053985595703125,"y":0.47604745626449587,"z":-6.320752143859863},"rotation":{"x":-0.35579684376716616,"y":-0.6277469992637634,"z":0.390786737203598,"w":-0.5715582370758057},"size":17.229177474975587,"orthographic":false}