{"cameraMode":{"drawMode":0,"name":"Shaded","section":"Shading Mode"},"sceneLighting":false,"audioPlay":false,"sceneViewState":{"showFog":true,"showMaterialUpdate":true,"showSkybox":false,"showFlares":true,"showImageEffects":true,"showParticleSystems":true},"in2DMode":false,"pivot":{"x":-0.022400617599487306,"y":0.402364045381546,"z":0.0},"rotation":{"x":0.32986193895339968,"y":0.6023952960968018,"z":-0.3002251088619232,"w":0.6619970202445984},"size":4.0068559646606449,"orthographic":false}