{"cameraMode":{"drawMode":0,"name":"Shaded","section":"Shading Mode"},"sceneLighting":false,"audioPlay":false,"sceneViewState":{"showFog":true,"showMaterialUpdate":true,"showSkybox":false,"showFlares":true,"showImageEffects":true,"showParticleSystems":true},"in2DMode":false,"pivot":{"x":0.007373332977294922,"y":2.8764071464538576,"z":-0.00022459030151367188},"rotation":{"x":0.3200441896915436,"y":0.6475316882133484,"z":-0.346070259809494,"w":0.5988842844963074},"size":15.167755126953125,"orthographic":false}