{"cameraMode":{"drawMode":0,"name":"Shaded","section":"Shading Mode"},"sceneLighting":false,"audioPlay":false,"sceneViewState":{"showFog":false,"showMaterialUpdate":false,"showSkybox":false,"showFlares":false,"showImageEffects":true,"showParticleSystems":true},"in2DMode":false,"pivot":{"x":4.0900139808654789,"y":-4.99464225769043,"z":3.0942108631134035},"rotation":{"x":0.278070867061615,"y":0.5491394400596619,"z":-0.20033539831638337,"w":0.7622326612472534},"size":30.2431697845459,"orthographic":false}