{"cameraMode":{"drawMode":0,"name":"Shaded","section":"Shading Mode"},"sceneLighting":false,"audioPlay":false,"sceneViewState":{"showFog":true,"showMaterialUpdate":true,"showSkybox":false,"showFlares":true,"showImageEffects":true,"showParticleSystems":true},"in2DMode":false,"pivot":{"x":0.0000095367431640625,"y":3.3745107650756838,"z":0.052626848220825198},"rotation":{"x":0.3200441896915436,"y":0.6475316882133484,"z":-0.346070259809494,"w":0.5988842844963074},"size":16.207738876342775,"orthographic":false}