{"cameraMode":{"drawMode":0,"name":"Shaded","section":"Shading Mode"},"sceneLighting":false,"audioPlay":false,"sceneViewState":{"showFog":true,"showMaterialUpdate":true,"showSkybox":false,"showFlares":true,"showImageEffects":true,"showParticleSystems":true},"in2DMode":false,"pivot":{"x":0.21560001373291017,"y":5.960464477539063e-8,"z":0.3437246084213257},"rotation":{"x":-0.35579684376716616,"y":-0.6277469992637634,"z":0.390786737203598,"w":-0.5715582370758057},"size":5.243476867675781,"orthographic":false}