{"cameraMode":{"drawMode":0,"name":"Shaded","section":"Shading Mode"},"sceneLighting":false,"audioPlay":false,"sceneViewState":{"showFog":false,"showMaterialUpdate":false,"showSkybox":false,"showFlares":false,"showImageEffects":true,"showParticleSystems":true},"in2DMode":false,"pivot":{"x":-0.0016388893127441407,"y":0.0749959945678711,"z":-0.018757343292236329},"rotation":{"x":0.21420547366142274,"y":0.4875791072845459,"z":-0.12475907802581787,"w":0.8371495008468628},"size":22.0,"orthographic":false}