{"cameraMode":{"drawMode":0,"name":"Shaded","section":"Shading Mode"},"sceneLighting":false,"audioPlay":false,"sceneViewState":{"showFog":true,"showMaterialUpdate":true,"showSkybox":false,"showFlares":true,"showImageEffects":true,"showParticleSystems":true},"in2DMode":false,"pivot":{"x":-4.76837158203125e-7,"y":1.1646082401275635,"z":4.76837158203125e-7},"rotation":{"x":-0.32361117005348208,"y":-0.2882883548736572,"z":0.10404548794031143,"w":-0.8952731490135193},"size":14.605460166931153,"orthographic":false}