{"cameraMode":{"drawMode":0,"name":"Shaded","section":"Shading Mode"},"sceneLighting":false,"audioPlay":false,"sceneViewState":{"showFog":true,"showMaterialUpdate":true,"showSkybox":false,"showFlares":true,"showImageEffects":true,"showParticleSystems":true},"in2DMode":false,"pivot":{"x":-0.9279170036315918,"y":3.9585180282592775,"z":0.4221177101135254},"rotation":{"x":-0.11553898453712464,"y":0.8463099002838135,"z":-0.20475752651691438,"w":-0.47818320989608767},"size":23.939714431762697,"orthographic":false}