{"cameraMode":{"drawMode":0,"name":"Shaded","section":"Shading Mode"},"sceneLighting":false,"audioPlay":false,"sceneViewState":{"showFog":false,"showMaterialUpdate":false,"showSkybox":false,"showFlares":false,"showImageEffects":true,"showParticleSystems":true},"in2DMode":false,"pivot":{"x":2.985714912414551,"y":1.875,"z":0.00411224365234375},"rotation":{"x":0.3578835725784302,"y":-0.005580654367804527,"z":0.0021255090832710268,"w":0.9337677359580994},"size":21.071287155151368,"orthographic":false}