{"cameraMode":{"drawMode":0,"name":"Shaded","section":"Shading Mode"},"sceneLighting":false,"audioPlay":false,"sceneViewState":{"showFog":false,"showMaterialUpdate":false,"showSkybox":false,"showFlares":false,"showImageEffects":true,"showParticleSystems":true},"in2DMode":false,"pivot":{"x":-0.08888006210327149,"y":3.0942091941833498,"z":5.006374835968018},"rotation":{"x":-0.007967204786837101,"y":0.9871714115142822,"z":-0.052180755883455279,"w":-0.15072587132453919},"size":9.72901439666748,"orthographic":false}