{"cameraMode":{"drawMode":0,"name":"Shaded","section":"Shading Mode"},"sceneLighting":false,"audioPlay":false,"sceneViewState":{"showFog":true,"showMaterialUpdate":true,"showSkybox":false,"showFlares":true,"showImageEffects":true,"showParticleSystems":true},"in2DMode":false,"pivot":{"x":-0.0872427225112915,"y":7.826333999633789,"z":0.0002257823944091797},"rotation":{"x":-0.11553898453712464,"y":0.8463099002838135,"z":-0.20475752651691438,"w":-0.47818320989608767},"size":26.93589973449707,"orthographic":false}