{"cameraMode":{"drawMode":0,"name":"Shaded","section":"Shading Mode"},"sceneLighting":false,"audioPlay":false,"sceneViewState":{"showFog":true,"showMaterialUpdate":true,"showSkybox":false,"showFlares":true,"showImageEffects":true,"showParticleSystems":true},"in2DMode":false,"pivot":{"x":4.76837158203125e-7,"y":1.649993658065796,"z":-4.76837158203125e-7},"rotation":{"x":-0.2542138695716858,"y":0.6600516438484192,"z":-0.2543334364891052,"w":-0.6596781611442566},"size":14.51045036315918,"orthographic":false}