{"cameraMode":{"drawMode":0,"name":"Shaded","section":"Shading Mode"},"sceneLighting":false,"audioPlay":false,"sceneViewState":{"showFog":true,"showMaterialUpdate":true,"showSkybox":false,"showFlares":true,"showImageEffects":true,"showParticleSystems":true},"in2DMode":false,"pivot":{"x":0.0377199649810791,"y":2.344756603240967,"z":0.005877375602722168},"rotation":{"x":-0.2249508798122406,"y":0.15321531891822816,"z":-0.03597356751561165,"w":-0.9616664052009583},"size":11.81363296508789,"orthographic":false}