{"cameraMode":{"drawMode":0,"name":"Shaded","section":"Shading Mode"},"sceneLighting":false,"audioPlay":false,"sceneViewState":{"showFog":true,"showMaterialUpdate":true,"showSkybox":false,"showFlares":true,"showImageEffects":true,"showParticleSystems":true},"in2DMode":false,"pivot":{"x":0.0,"y":4.290417671203613,"z":-0.00000286102294921875},"rotation":{"x":-0.2542138695716858,"y":0.6600516438484192,"z":-0.2543334364891052,"w":-0.6596781611442566},"size":25.812196731567384,"orthographic":false}