{"cameraMode":{"drawMode":0,"name":"Shaded","section":"Shading Mode"},"sceneLighting":false,"audioPlay":false,"sceneViewState":{"showFog":true,"showMaterialUpdate":true,"showSkybox":false,"showFlares":true,"showImageEffects":true,"showParticleSystems":true},"in2DMode":false,"pivot":{"x":0.25967955589294436,"y":1.4090657234191895,"z":-0.057768821716308597},"rotation":{"x":0.3224544823169708,"y":0.5423751473426819,"z":-0.23642376065254212,"w":0.7390027046203613},"size":20.27021026611328,"orthographic":false}