{"cameraMode":{"drawMode":0,"name":"Shaded","section":"Shading Mode"},"sceneLighting":false,"audioPlay":false,"sceneViewState":{"showFog":true,"showMaterialUpdate":true,"showSkybox":false,"showFlares":true,"showImageEffects":true,"showParticleSystems":true},"in2DMode":false,"pivot":{"x":-1.449605941772461,"y":0.9564189910888672,"z":-3.07431697845459},"rotation":{"x":0.290433406829834,"y":-0.6124756932258606,"z":0.2584632933139801,"w":0.6882848739624023},"size":7.766763210296631,"orthographic":false}