{"cameraMode":{"drawMode":0,"name":"Shaded","section":"Shading Mode"},"sceneLighting":false,"audioPlay":false,"sceneViewState":{"showFog":true,"showMaterialUpdate":true,"showSkybox":false,"showFlares":true,"showImageEffects":true,"showParticleSystems":true},"in2DMode":false,"pivot":{"x":0.0,"y":3.150686740875244,"z":-0.008922576904296875},"rotation":{"x":0.3200441896915436,"y":0.6475316882133484,"z":-0.346070259809494,"w":0.5988842844963074},"size":18.209735870361329,"orthographic":false}