{"cameraMode":{"drawMode":0,"name":"Shaded","section":"Shading Mode"},"sceneLighting":false,"audioPlay":false,"sceneViewState":{"showFog":true,"showMaterialUpdate":true,"showSkybox":false,"showFlares":true,"showImageEffects":true,"showParticleSystems":true},"in2DMode":false,"pivot":{"x":-0.0000021457672119140627,"y":5.512788772583008,"z":0.0},"rotation":{"x":-0.16156427562236787,"y":0.5242052674293518,"z":-0.10213357210159302,"w":-0.8299631476402283},"size":26.765350341796876,"orthographic":false}