{"cameraMode":{"drawMode":0,"name":"Shaded","section":"Shading Mode"},"sceneLighting":false,"audioPlay":false,"sceneViewState":{"showFog":true,"showMaterialUpdate":true,"showSkybox":false,"showFlares":true,"showImageEffects":true,"showParticleSystems":true},"in2DMode":false,"pivot":{"x":-8.246435165405274,"y":-1.1534595489501954,"z":-3.5299954414367677},"rotation":{"x":-0.11553898453712464,"y":0.8463099002838135,"z":-0.20475752651691438,"w":-0.47818320989608767},"size":20.958026885986329,"orthographic":false}