{"cameraMode":{"drawMode":0,"name":"Shaded","section":"Shading Mode"},"sceneLighting":false,"audioPlay":false,"sceneViewState":{"showFog":true,"showMaterialUpdate":true,"showSkybox":false,"showFlares":true,"showImageEffects":true,"showParticleSystems":true},"in2DMode":false,"pivot":{"x":7.152557373046875e-7,"y":5.12095832824707,"z":2.205902099609375},"rotation":{"x":0.2114415168762207,"y":-0.7839701771736145,"z":0.36172664165496828,"w":0.45819708704948428},"size":23.208341598510743,"orthographic":false}