{"cameraMode":{"drawMode":0,"name":"Shaded","section":"Shading Mode"},"sceneLighting":false,"audioPlay":false,"sceneViewState":{"showFog":false,"showMaterialUpdate":false,"showSkybox":false,"showFlares":false,"showImageEffects":true,"showParticleSystems":true},"in2DMode":false,"pivot":{"x":-0.014285087585449219,"y":1.875,"z":0.00411224365234375},"rotation":{"x":0.2482648640871048,"y":0.52945876121521,"z":-0.16553333401679994,"w":0.7941504120826721},"size":12.133575439453125,"orthographic":false}