{"cameraMode":{"drawMode":0,"name":"Shaded","section":"Shading Mode"},"sceneLighting":false,"audioPlay":false,"sceneViewState":{"showFog":false,"showMaterialUpdate":false,"showSkybox":false,"showFlares":false,"showImageEffects":true,"showParticleSystems":true},"in2DMode":false,"pivot":{"x":0.0,"y":1.8537992238998414,"z":0.002805352210998535},"rotation":{"x":-0.29415813088417055,"y":0.22459501028060914,"z":-0.07131870836019516,"w":-0.9262645244598389},"size":10.39191722869873,"orthographic":false}