{"cameraMode":{"drawMode":0,"name":"Shaded","section":"Shading Mode"},"sceneLighting":false,"audioPlay":false,"sceneViewState":{"showFog":true,"showMaterialUpdate":true,"showSkybox":false,"showFlares":true,"showImageEffects":true,"showParticleSystems":true},"in2DMode":false,"pivot":{"x":0.0133553147315979,"y":0.7372509837150574,"z":-0.05740666389465332},"rotation":{"x":0.15154582262039185,"y":-0.8358160257339478,"z":0.28516700863838198,"w":0.4441128671169281},"size":2.939605474472046,"orthographic":false}